"","X","index","prod_class","brand","product_title","price","url","url2"
"1",0,0,"laptop","Acer","Aspire E5-574-53QS",390,"http://www.consumerreports.org/products/laptop/acer-aspire-e5-574-53qs-385910/","https://www.consumerreports.org/products/laptop/acer-aspire-e5-574-53qs-385910/specs"
"2",1,1,"laptop","Acer","Aspire ES1-571-P1MG",315,"http://www.consumerreports.org/products/laptop/acer-aspire-es1-571-p1mg-386346/","https://www.consumerreports.org/products/laptop/acer-aspire-es1-571-p1mg-386346/specs"
"3",2,2,"laptop","Acer","Aspire One Cloudbook AO1-131-C9PM",165,"http://www.consumerreports.org/products/laptop/acer-aspire-one-cloudbook-ao1-131-c9pm-384806/","https://www.consumerreports.org/products/laptop/acer-aspire-one-cloudbook-ao1-131-c9pm-384806/specs"
"4",3,3,"laptop","Acer","Aspire R5-571T-57Z0",700,"http://www.consumerreports.org/products/laptop/acer-aspire-r5-571t-57z0-388093/","https://www.consumerreports.org/products/laptop/acer-aspire-r5-571t-57z0-388093/specs"
"5",4,4,"laptop","Acer","Aspire R7-372T-54TM",900,"http://www.consumerreports.org/products/laptop/acer-aspire-r7-372t-54tm-387107/","https://www.consumerreports.org/products/laptop/acer-aspire-r7-372t-54tm-387107/specs"
"6",5,5,"laptop","Acer","Spin 5 SP513-51-55ZR",570,"http://www.consumerreports.org/products/laptop/acer-spin-5-sp513-51-55zr-388098/","https://www.consumerreports.org/products/laptop/acer-spin-5-sp513-51-55zr-388098/specs"
"7",6,6,"laptop","Acer","Swift 3 SF314-51-52W2",690,"http://www.consumerreports.org/products/laptop/acer-swift-3-sf314-51-52w2-387923/","https://www.consumerreports.org/products/laptop/acer-swift-3-sf314-51-52w2-387923/specs"
"8",7,7,"laptop","Apple","MacBook Air 13-inch MJVE2LL/A",1000,"http://www.consumerreports.org/products/laptop/apple-macbook-air-13-inch-mjve2ll-a-374086/","https://www.consumerreports.org/products/laptop/apple-macbook-air-13-inch-mjve2ll-a-374086/specs"
"9",8,8,"laptop","Apple","MacBook Pro 13-inch with Retina Display MF839LL/A",1149,"http://www.consumerreports.org/products/laptop/apple-macbook-pro-13-inch-with-retina-display-mf839ll-a-374087/","https://www.consumerreports.org/products/laptop/apple-macbook-pro-13-inch-with-retina-display-mf839ll-a-374087/specs"
"10",9,9,"laptop","Apple","MacBook Pro 15-inch with Retina Display MJLQ2LL/A",1848,"http://www.consumerreports.org/products/laptop/apple-macbook-pro-15-inch-with-retina-display-mjlq2ll-a-381914/","https://www.consumerreports.org/products/laptop/apple-macbook-pro-15-inch-with-retina-display-mjlq2ll-a-381914/specs"
"11",10,10,"laptop","Apple","MacBook Pro 15-inch with Touch Bar MPTU2LL/A",2297,"http://www.consumerreports.org/products/laptop/apple-macbook-pro-15-inch-touch-bar-392574/","https://www.consumerreports.org/products/laptop/apple-macbook-pro-15-inch-touch-bar-392574/specs"
"12",11,11,"laptop","Asus","EeeBook E402MA-EH",200,"http://www.consumerreports.org/products/laptop/asus-eeebook-e402ma-eh-386280/","https://www.consumerreports.org/products/laptop/asus-eeebook-e402ma-eh-386280/specs"
"13",12,12,"laptop","Asus","Q304UA-BBI5T10",595,"http://www.consumerreports.org/products/laptop/asus-q304ua-bbi5t10-386676/","https://www.consumerreports.org/products/laptop/asus-q304ua-bbi5t10-386676/specs"
"14",13,13,"laptop","Asus","T300CHI-RHM5T06",475,"http://www.consumerreports.org/products/laptop/asus-t300chi-rhm5t06-385010/","https://www.consumerreports.org/products/laptop/asus-t300chi-rhm5t06-385010/specs"
"15",14,14,"laptop","Asus","Transformer Book T100CHI-C1",295,"http://www.consumerreports.org/products/laptop/asus-transformer-book-t100chi-c1-379138/","https://www.consumerreports.org/products/laptop/asus-transformer-book-t100chi-c1-379138/specs"
"16",15,15,"laptop","Asus","VivoBook E403SA-US21",370,"http://www.consumerreports.org/products/laptop/asus-vivobook-e403sa-us21-386117/","https://www.consumerreports.org/products/laptop/asus-vivobook-e403sa-us21-386117/specs"
"17",16,16,"laptop","Asus","X555YA-DB84Q",430,"http://www.consumerreports.org/products/laptop/asus-x555ya-db84q-387687/","https://www.consumerreports.org/products/laptop/asus-x555ya-db84q-387687/specs"
"18",17,17,"laptop","Asus","ZenBook Flip UX360CA",800,"http://www.consumerreports.org/products/laptop/asus-zenbook-flip-ux360ca-387106/","https://www.consumerreports.org/products/laptop/asus-zenbook-flip-ux360ca-387106/specs"
"19",18,18,"laptop","Asus","ZenBook Pro UX501VW-DS71T",1500,"http://www.consumerreports.org/products/laptop/asus-zenbook-pro-ux501vw-ds71t-386108/","https://www.consumerreports.org/products/laptop/asus-zenbook-pro-ux501vw-ds71t-386108/specs"
"20",19,19,"laptop","Dell","Inspiron I3452-600BLK",210,"http://www.consumerreports.org/products/laptop/dell-inspiron-i3452-600blk-384994/","https://www.consumerreports.org/products/laptop/dell-inspiron-i3452-600blk-384994/specs"
"21",20,20,"laptop","Dell","Inspiron i5568-5240",580,"http://www.consumerreports.org/products/laptop/dell-inspiron-i5568-5240-387264/","https://www.consumerreports.org/products/laptop/dell-inspiron-i5568-5240-387264/specs"
"22",21,21,"laptop","Dell","Inspiron I7579-0028GRY",800,"http://www.consumerreports.org/products/laptop/dell-inspiron-i7579-0028gry-388094/","https://www.consumerreports.org/products/laptop/dell-inspiron-i7579-0028gry-388094/specs"
"23",22,22,"laptop","HP","ENVY x360 15t Touch 7th Gen",730,"http://www.consumerreports.org/products/laptop/hp-envy-x360-15t-touch-7th-gen-387889/","https://www.consumerreports.org/products/laptop/hp-envy-x360-15t-touch-7th-gen-387889/specs"
"24",23,23,"laptop","HP","Laptop 17.3",790,"http://www.consumerreports.org/products/laptop/hp-laptop-17-3-386464/","https://www.consumerreports.org/products/laptop/hp-laptop-17-3-386464/specs"
"25",24,24,"laptop","HP","Pavilion M1-U001DX",400,"http://www.consumerreports.org/products/laptop/hp-pavilion-m1-u001dx-386340/","https://www.consumerreports.org/products/laptop/hp-pavilion-m1-u001dx-386340/specs"
"26",25,25,"laptop","HP","Pavilion x2 12b010nr",500,"http://www.consumerreports.org/products/laptop/hp-pavilion-x2-12b010nr-385667/","https://www.consumerreports.org/products/laptop/hp-pavilion-x2-12b010nr-385667/specs"
"27",26,26,"laptop","HP","Pavilion x360 m3-u103dx",700,"http://www.consumerreports.org/products/laptop/hp-pavilion-x360-m3-u103dx-388096/","https://www.consumerreports.org/products/laptop/hp-pavilion-x360-m3-u103dx-388096/specs"
"28",27,27,"laptop","HP","Stream 11-y010nr",200,"http://www.consumerreports.org/products/laptop/hp-stream-11-y010nr-387459/","https://www.consumerreports.org/products/laptop/hp-stream-11-y010nr-387459/specs"
"29",28,28,"laptop","Huawei","Matebook",515,"http://www.consumerreports.org/products/laptop/huawei-matebook-387684/","https://www.consumerreports.org/products/laptop/huawei-matebook-387684/specs"
"30",29,29,"laptop","Lenovo","110-15IBR 80T7000HUS",300,"http://www.consumerreports.org/products/laptop/lenovo-110-15ibr-386678/","https://www.consumerreports.org/products/laptop/lenovo-110-15ibr-386678/specs"
"31",30,30,"laptop","Lenovo","300-17ISK 80QH008MUS",330,"http://www.consumerreports.org/products/laptop/lenovo-300-17isk-386677/","https://www.consumerreports.org/products/laptop/lenovo-300-17isk-386677/specs"
"32",31,31,"laptop","Lenovo","Flex 3 80LY0008US",300,"http://www.consumerreports.org/products/laptop/lenovo-flex-3-80ly0008us-385003/","https://www.consumerreports.org/products/laptop/lenovo-flex-3-80ly0008us-385003/specs"
"33",32,32,"laptop","Lenovo","Ideapad 300S",530,"http://www.consumerreports.org/products/laptop/lenovo-ideapad-300s-385670/","https://www.consumerreports.org/products/laptop/lenovo-ideapad-300s-385670/specs"
"34",33,33,"laptop","Lenovo","Ideapad Miix 310",300,"http://www.consumerreports.org/products/laptop/lenovo-ideapad-miix-310-387117/","https://www.consumerreports.org/products/laptop/lenovo-ideapad-miix-310-387117/specs"
"35",34,34,"laptop","Lenovo","Ideapad Y700 80NU000UUS",800,"http://www.consumerreports.org/products/laptop/lenovo-ideapad-y700-80nu000sus-386451/","https://www.consumerreports.org/products/laptop/lenovo-ideapad-y700-80nu000sus-386451/specs"
"36",35,35,"laptop","Lenovo","Ideapad Y700 80NW000PUS",1000,"http://www.consumerreports.org/products/laptop/lenovo-ideapad-y700-80nw000pus-386453/","https://www.consumerreports.org/products/laptop/lenovo-ideapad-y700-80nw000pus-386453/specs"
"37",36,36,"laptop","Lenovo","Ideapad Y700 80Q0008WUS",1189.99,"http://www.consumerreports.org/products/laptop/lenovo-ideapad-y700-80q0008wus-386452/","https://www.consumerreports.org/products/laptop/lenovo-ideapad-y700-80q0008wus-386452/specs"
"38",37,37,"laptop","Lenovo","ThinkPad N22",150,"http://www.consumerreports.org/products/laptop/lenovo-thinkpad-n22-387458/","https://www.consumerreports.org/products/laptop/lenovo-thinkpad-n22-387458/specs"
"39",38,38,"laptop","Lenovo","ThinkPad X1 Carbon 4th Gen",2025,"http://www.consumerreports.org/products/laptop/lenovo-thinkpad-x1-carbon-4th-gen-386343/","https://www.consumerreports.org/products/laptop/lenovo-thinkpad-x1-carbon-4th-gen-386343/specs"
"40",39,39,"laptop","Lenovo","ThinkPad X1 Yoga",1403.99,"http://www.consumerreports.org/products/laptop/lenovo-thinkpad-x1-yoga-385732/","https://www.consumerreports.org/products/laptop/lenovo-thinkpad-x1-yoga-385732/specs"
"41",40,40,"laptop","Lenovo","Y700-15ACZ",800,"http://www.consumerreports.org/products/laptop/lenovo-y700-15acz-386281/","https://www.consumerreports.org/products/laptop/lenovo-y700-15acz-386281/specs"
"42",41,41,"laptop","LG","gram 14Z950",900,"http://www.consumerreports.org/products/laptop/lg-gram-14z950-384804/","https://www.consumerreports.org/products/laptop/lg-gram-14z950-384804/specs"
"43",42,42,"laptop","LG","gram 15Z960",1050,"http://www.consumerreports.org/products/laptop/lg-gram-15z-960-386112/","https://www.consumerreports.org/products/laptop/lg-gram-15z-960-386112/specs"
"44",43,43,"laptop","Microsoft","Surface Book",1300,"http://www.consumerreports.org/products/laptop/microsoft-surface-book-384901/","https://www.consumerreports.org/products/laptop/microsoft-surface-book-384901/specs"
"45",44,44,"laptop","Microsoft","Surface Pro 4",900,"http://www.consumerreports.org/products/laptop/microsoft-surface-pro-4-384902/","https://www.consumerreports.org/products/laptop/microsoft-surface-pro-4-384902/specs"
"46",45,45,"laptop","Samsung","ATIV Book 9 NP930X2K-K02US",750,"http://www.consumerreports.org/products/laptop/samsung-ativ-book-9-np930x2k-k02us-371599/","https://www.consumerreports.org/products/laptop/samsung-ativ-book-9-np930x2k-k02us-371599/specs"
"47",46,46,"laptop","Samsung","Notebook 7 740U5LE",1000,"http://www.consumerreports.org/products/laptop/samsung-notebook-7-740u5le-387110/","https://www.consumerreports.org/products/laptop/samsung-notebook-7-740u5le-387110/specs"
"48",47,47,"laptop","Samsung","Notebook 9 NP900X3L-K06US",850,"http://www.consumerreports.org/products/laptop/samsung-notebook-9-np900x3l-k06us-385908/","https://www.consumerreports.org/products/laptop/samsung-notebook-9-np900x3l-k06us-385908/specs"
"49",48,48,"laptop","Samsung","Notebook 9 NP900X5L-K02US",1199.99,"http://www.consumerreports.org/products/laptop/samsung-notebook-9-np900x5l-k02us-385909/","https://www.consumerreports.org/products/laptop/samsung-notebook-9-np900x5l-k02us-385909/specs"
"50",49,49,"laptop","Samsung","Notebook 9 pro NP940Z5L-X01US",1050,"http://www.consumerreports.org/products/laptop/samsung-notebook-9-pro-np940z5l-x01us-385107/","https://www.consumerreports.org/products/laptop/samsung-notebook-9-pro-np940z5l-x01us-385107/specs"
"51",50,50,"laptop","Samsung","Notebook 9 spin NP940X3L-K01US",1000,"http://www.consumerreports.org/products/laptop/samsung-notebook-9-spin-np940x3l-k01us-385106/","https://www.consumerreports.org/products/laptop/samsung-notebook-9-spin-np940x3l-k01us-385106/specs"
"52",51,51,"laptop","Vaio","Z",1479,"http://www.consumerreports.org/products/laptop/vaio-z-386114/","https://www.consumerreports.org/products/laptop/vaio-z-386114/specs"
"53",52,52,"laptop","Vaio","Z Canvas",1540,"http://www.consumerreports.org/products/laptop/vaio-z-canvas-385680/","https://www.consumerreports.org/products/laptop/vaio-z-canvas-385680/specs"
"54",53,53,"laptop","Vaio","Z Flip",1749.98,"http://www.consumerreports.org/products/laptop/vaio-flip-z-385731/","https://www.consumerreports.org/products/laptop/vaio-flip-z-385731/specs"
"55",54,54,"laptop","Acer","Aspire E5-575T-3678",400,"http://www.consumerreports.org/products/laptop/acer-aspire-e5-575t-3678-388641/","https://www.consumerreports.org/products/laptop/acer-aspire-e5-575t-3678-388641/specs"
"56",55,55,"laptop","Acer","Aspire ES 15 E5-573-35JA",250,"http://www.consumerreports.org/products/laptop/acer-aspire-es-15-e5-573-35ja-386283/","https://www.consumerreports.org/products/laptop/acer-aspire-es-15-e5-573-35ja-386283/specs"
"57",56,56,"laptop","Acer","Aspire ES1-533-C55P",280,"http://www.consumerreports.org/products/laptop/acer-aspire-es1-533-c55p-388642/","https://www.consumerreports.org/products/laptop/acer-aspire-es1-533-c55p-388642/specs"
"58",57,57,"laptop","Acer","Aspire F5-573-505W",500,"http://www.consumerreports.org/products/laptop/acer-aspire-f5-573-505w-386465/","https://www.consumerreports.org/products/laptop/acer-aspire-f5-573-505w-386465/specs"
"59",58,58,"laptop","Acer","Aspire Nitro VN7- 592G-77",1115,"http://www.consumerreports.org/products/laptop/acer-aspire-nitro-vn7-592g-77-386284/","https://www.consumerreports.org/products/laptop/acer-aspire-nitro-vn7-592g-77-386284/specs"
"60",59,59,"laptop","Acer","Aspire R3-131T-P6G7",450,"http://www.consumerreports.org/products/laptop/acer-aspire-r3-131t-p6g7-387266/","https://www.consumerreports.org/products/laptop/acer-aspire-r3-131t-p6g7-387266/specs"
"61",60,60,"laptop","Acer","Aspire R5-571T-59DC",585,"http://www.consumerreports.org/products/laptop/acer-aspire-r5-571t-59dc-386554/","https://www.consumerreports.org/products/laptop/acer-aspire-r5-571t-59dc-386554/specs"
"62",61,61,"laptop","Acer","Aspire S 13 S5-371T-76CY",1050,"http://www.consumerreports.org/products/laptop/acer-aspire-s-13-s5-371t-76cy-387895/","https://www.consumerreports.org/products/laptop/acer-aspire-s-13-s5-371t-76cy-387895/specs"
"63",62,62,"laptop","Acer","Aspire S5-371-52JR",715,"http://www.consumerreports.org/products/laptop/acer-aspire-s5-371-52jr-386553/","https://www.consumerreports.org/products/laptop/acer-aspire-s5-371-52jr-386553/specs"
"64",63,63,"laptop","Acer","Aspire Switch 10 SW5-015-198P",350,"http://www.consumerreports.org/products/laptop/acer-aspire-switch-10-sw5-015-198p-386345/","https://www.consumerreports.org/products/laptop/acer-aspire-switch-10-sw5-015-198p-386345/specs"
"65",64,64,"laptop","Acer","Aspire V5-591G-55PV",800,"http://www.consumerreports.org/products/laptop/acer-aspire-v5-591g-55pv-387108/","https://www.consumerreports.org/products/laptop/acer-aspire-v5-591g-55pv-387108/specs"
"66",65,65,"laptop","Acer","Spin 1 SP111-31-C2W3",250,"http://www.consumerreports.org/products/laptop/acer-spin-1-sp111-31-c2w3-388639/","https://www.consumerreports.org/products/laptop/acer-spin-1-sp111-31-c2w3-388639/specs"
"67",66,66,"laptop","Acer","Swift 7 SF713-51-M90J",1000,"http://www.consumerreports.org/products/laptop/acer-swift-7-sf713-51-m90j-387922/","https://www.consumerreports.org/products/laptop/acer-swift-7-sf713-51-m90j-387922/specs"
"68",67,67,"laptop","Acer","Switch Alpha 12 SA5-271-594J",700,"http://www.consumerreports.org/products/laptop/acer-switch-alpha-12-sa5-271-594j-386446/","https://www.consumerreports.org/products/laptop/acer-switch-alpha-12-sa5-271-594j-386446/specs"
"69",68,68,"laptop","Apple","MacBook 12-inch MF855LL/A",1300,"http://www.consumerreports.org/products/laptop/apple-macbook-12-inch-mf855ll-a-377002/","https://www.consumerreports.org/products/laptop/apple-macbook-12-inch-mf855ll-a-377002/specs"
"70",69,69,"laptop","Apple","MacBook 12-inch MLHE2LL/A",1300,"http://www.consumerreports.org/products/laptop/apple-macbook-12-inch-mlhe2ll-a-386115/","https://www.consumerreports.org/products/laptop/apple-macbook-12-inch-mlhe2ll-a-386115/specs"
"71",70,70,"laptop","Apple","MacBook 12-inch MNYH2LL/A",1300,"http://www.consumerreports.org/products/laptop/apple-macbook-12-inch-392572/","https://www.consumerreports.org/products/laptop/apple-macbook-12-inch-392572/specs"
"72",71,71,"laptop","Apple","MacBook Air 11-inch MJVM2LL/A",900,"http://www.consumerreports.org/products/laptop/apple-macbook-air-11-inch-mjvm2ll-a-374085/","https://www.consumerreports.org/products/laptop/apple-macbook-air-11-inch-mjvm2ll-a-374085/specs"
"73",72,72,"laptop","Apple","MacBook Pro 13-inch MLH12LL/A",1800,"http://www.consumerreports.org/products/laptop/apple-macbook-pro-13-inch-mlh12ll-a-388053/","https://www.consumerreports.org/products/laptop/apple-macbook-pro-13-inch-mlh12ll-a-388053/specs"
"74",73,73,"laptop","Apple","MacBook Pro 13-inch MLL42LL/A",1300,"http://www.consumerreports.org/products/laptop/apple-macbook-pro-13-inch-mll42ll-a-388052/","https://www.consumerreports.org/products/laptop/apple-macbook-pro-13-inch-mll42ll-a-388052/specs"
"75",74,74,"laptop","Apple","MacBook Pro 13-inch MPXR2LL/A",1300,"http://www.consumerreports.org/products/laptop/apple-macbook-pro-13-inch-no-touch-bar-392573/","https://www.consumerreports.org/products/laptop/apple-macbook-pro-13-inch-no-touch-bar-392573/specs"
"76",75,75,"laptop","Apple","MacBook Pro 15-inch MLH32LL/A",2400,"http://www.consumerreports.org/products/laptop/apple-macbook-pro-15-inch-mlh32ll-a-388054/","https://www.consumerreports.org/products/laptop/apple-macbook-pro-15-inch-mlh32ll-a-388054/specs"
"77",76,76,"laptop","Asus","Q304UA-BHI5T11",650,"http://www.consumerreports.org/products/laptop/asus-q304ua-bhi5t11-387894/","https://www.consumerreports.org/products/laptop/asus-q304ua-bhi5t11-387894/specs"
"78",77,77,"laptop","Asus","Q324UA-BHI7T17",1100,"http://www.consumerreports.org/products/laptop/asus-q324ua-bhi7t17-387893/","https://www.consumerreports.org/products/laptop/asus-q324ua-bhi7t17-387893/specs"
"79",78,78,"laptop","Asus","Q524UQ-BBI7T14",880,"http://www.consumerreports.org/products/laptop/asus-q524uq-bbi7t14-386679/","https://www.consumerreports.org/products/laptop/asus-q524uq-bbi7t14-386679/specs"
"80",79,79,"laptop","Asus","Q524UQ-BHI7T15",1000,"http://www.consumerreports.org/products/laptop/asus-q524uq-bhi7t15-388948/","https://www.consumerreports.org/products/laptop/asus-q524uq-bhi7t15-388948/specs"
"81",80,80,"laptop","Asus","Transformer Book T300CHI-F1-DB",465,"http://www.consumerreports.org/products/laptop/asus-transformer-book-t300chi-f1-db-381372/","https://www.consumerreports.org/products/laptop/asus-transformer-book-t300chi-f1-db-381372/specs"
"82",81,81,"laptop","Asus","VivoBook E200HA-US01",200,"http://www.consumerreports.org/products/laptop/asus-vivobook-e200ha-us01-385911/","https://www.consumerreports.org/products/laptop/asus-vivobook-e200ha-us01-385911/specs"
"83",82,82,"laptop","Asus","VivoBook Pro N552VX",1300,"http://www.consumerreports.org/products/laptop/asus-vivobook-pro-n552vx-387457/","https://www.consumerreports.org/products/laptop/asus-vivobook-pro-n552vx-387457/specs"
"84",83,83,"laptop","Dell","Inspiron 11 3000",180,"http://www.consumerreports.org/products/laptop/dell-inspiron-11-3000-385665/","https://www.consumerreports.org/products/laptop/dell-inspiron-11-3000-385665/specs"
"85",84,84,"laptop","Dell","Inspiron 11 3000 3rd Gen",400,"http://www.consumerreports.org/products/laptop/brondell-inspiron-11-3000-3rd-gen-387111/","https://www.consumerreports.org/products/laptop/brondell-inspiron-11-3000-3rd-gen-387111/specs"
"86",85,85,"laptop","Dell","Inspiron 13 5000",700,"http://www.consumerreports.org/products/laptop/brondell-inspiron-13-5000-387112/","https://www.consumerreports.org/products/laptop/brondell-inspiron-13-5000-387112/specs"
"87",86,86,"laptop","Dell","Inspiron 13 7000 3rd Gen",870,"http://www.consumerreports.org/products/laptop/brondell-inspiron-13-7000-3rd-gen-387114/","https://www.consumerreports.org/products/laptop/brondell-inspiron-13-7000-3rd-gen-387114/specs"
"88",87,87,"laptop","Dell","Inspiron 15 5000 3rd-Gen",785,"http://www.consumerreports.org/products/laptop/brondell-inspiron-15-5000-3rd-gen-387113/","https://www.consumerreports.org/products/laptop/brondell-inspiron-15-5000-3rd-gen-387113/specs"
"89",88,88,"laptop","Dell","Inspiron 15 7000 3rd-Gen",750,"http://www.consumerreports.org/products/laptop/brondell-inspiron-15-7000-3rd-gen-387115/","https://www.consumerreports.org/products/laptop/brondell-inspiron-15-7000-3rd-gen-387115/specs"
"90",89,89,"laptop","Dell","Inspiron 17 7000 3rd-Gen",900,"http://www.consumerreports.org/products/laptop/brondell-inspiron-17-7000-3rd-gen-387116/","https://www.consumerreports.org/products/laptop/brondell-inspiron-17-7000-3rd-gen-387116/specs"
"91",90,90,"laptop","Dell","Inspiron i3567-3465BLK",400,"http://www.consumerreports.org/products/laptop/dell-inspiron-i3567-3465blk-389334/","https://www.consumerreports.org/products/laptop/dell-inspiron-i3567-3465blk-389334/specs"
"92",91,91,"laptop","Dell","Inspiron i5555-2843SLV",450,"http://www.consumerreports.org/products/laptop/dell-inspiron-i5555-2843slv-388772/","https://www.consumerreports.org/products/laptop/dell-inspiron-i5555-2843slv-388772/specs"
"93",92,92,"laptop","Dell","Inspiron i5565-5851GRY",700,"http://www.consumerreports.org/products/laptop/dell-inspiron-i5565-5851gry-388949/","https://www.consumerreports.org/products/laptop/dell-inspiron-i5565-5851gry-388949/specs"
"94",93,93,"laptop","Dell","Inspiron i5566-3000BLK",365,"http://www.consumerreports.org/products/laptop/dell-inspiron-i5566-3000blk-388771/","https://www.consumerreports.org/products/laptop/dell-inspiron-i5566-3000blk-388771/specs"
"95",94,94,"laptop","Dell","Inspiron i5567",775,"http://www.consumerreports.org/products/laptop/dell-inspiron-i5567-388951/","https://www.consumerreports.org/products/laptop/dell-inspiron-i5567-388951/specs"
"96",95,95,"laptop","Dell","Inspiron i5759-5306SLV",760,"http://www.consumerreports.org/products/laptop/dell-inspiron-i5759-5306slv-385062/","https://www.consumerreports.org/products/laptop/dell-inspiron-i5759-5306slv-385062/specs"
"97",96,96,"laptop","Dell","Inspiron I7378-0028GRY",800,"http://www.consumerreports.org/products/laptop/dell-inspiron-i7378-0028gry-388097/","https://www.consumerreports.org/products/laptop/dell-inspiron-i7378-0028gry-388097/specs"
"98",97,97,"laptop","Dell","Inspiron i7567-5000BLK",800,"http://www.consumerreports.org/products/laptop/dell-inspiron-i7567-5000blk-388640/","https://www.consumerreports.org/products/laptop/dell-inspiron-i7567-5000blk-388640/specs"
"99",98,98,"laptop","Dell","XPS 12 2in1",495,"http://www.consumerreports.org/products/laptop/dell-xps-12-2in1-385666/","https://www.consumerreports.org/products/laptop/dell-xps-12-2in1-385666/specs"
"100",99,99,"laptop","Dell","XPS 13 Convertible",1350,"http://www.consumerreports.org/products/laptop/dell-xps-13-convertible-388659/","https://www.consumerreports.org/products/laptop/dell-xps-13-convertible-388659/specs"
"101",100,100,"laptop","Dell","XPS 15 Non-Touch",1000,"http://www.consumerreports.org/products/laptop/dell-xps-15-non-touch-384997/","https://www.consumerreports.org/products/laptop/dell-xps-15-non-touch-384997/specs"
"102",101,101,"laptop","Dell","XPS 15 Touch 6th-Gen",1600,"http://www.consumerreports.org/products/laptop/dell-xps-15-touch-6th-gen-384998/","https://www.consumerreports.org/products/laptop/dell-xps-15-touch-6th-gen-384998/specs"
"103",102,102,"laptop","HP","15-ay013dx",500,"http://www.consumerreports.org/products/laptop/hp-15-ay013dx-386445/","https://www.consumerreports.org/products/laptop/hp-15-ay013dx-386445/specs"
"104",103,103,"laptop","HP","15-AY103DX",500,"http://www.consumerreports.org/products/laptop/hp-15-ay103dx-388643/","https://www.consumerreports.org/products/laptop/hp-15-ay103dx-388643/specs"
"105",104,104,"laptop","HP","15-BA061DX",400,"http://www.consumerreports.org/products/laptop/hp-15-ba061dx-389340/","https://www.consumerreports.org/products/laptop/hp-15-ba061dx-389340/specs"
"106",105,105,"laptop","HP","17-X116DX",480,"http://www.consumerreports.org/products/laptop/hp-17-x116dx-388645/","https://www.consumerreports.org/products/laptop/hp-17-x116dx-388645/specs"
"107",106,106,"laptop","HP","ENVY 13-d010nr",725,"http://www.consumerreports.org/products/laptop/hp-envy-13-d010nr-384991/","https://www.consumerreports.org/products/laptop/hp-envy-13-d010nr-384991/specs"
"108",107,107,"laptop","HP","ENVY 17t",700,"http://www.consumerreports.org/products/laptop/hp-envy-17t-384316/","https://www.consumerreports.org/products/laptop/hp-envy-17t-384316/specs"
"109",108,108,"laptop","HP","Envy Laptop 15t",1100,"http://www.consumerreports.org/products/laptop/hp-envy-laptop-15t-387685/","https://www.consumerreports.org/products/laptop/hp-envy-laptop-15t-387685/specs"
"110",109,109,"laptop","HP","ENVY M7-U109DX",1050,"http://www.consumerreports.org/products/laptop/hp-envy-m7-u109dx-388095/","https://www.consumerreports.org/products/laptop/hp-envy-m7-u109dx-388095/specs"
"111",110,110,"laptop","HP","Pavilion 15 AMD",675,"http://www.consumerreports.org/products/laptop/hp-pavilion-15-amd-386454/","https://www.consumerreports.org/products/laptop/hp-pavilion-15-amd-386454/specs"
"112",111,111,"laptop","HP","Pavilion 15 Gaming",700,"http://www.consumerreports.org/products/laptop/hp-pavilion-15-gaming-386456/","https://www.consumerreports.org/products/laptop/hp-pavilion-15-gaming-386456/specs"
"113",112,112,"laptop","HP","Pavilion 15 i5",770,"http://www.consumerreports.org/products/laptop/hp-pavilion-15-i5-386455/","https://www.consumerreports.org/products/laptop/hp-pavilion-15-i5-386455/specs"
"114",113,113,"laptop","HP","Pavilion 15-ab220nr",685,"http://www.consumerreports.org/products/laptop/hp-pavilion-15-ab220nr-384992/","https://www.consumerreports.org/products/laptop/hp-pavilion-15-ab220nr-384992/specs"
"115",114,114,"laptop","HP","Pavilion 15-bc020nr",890,"http://www.consumerreports.org/products/laptop/hp-pavilion-15-bc020nr-387887/","https://www.consumerreports.org/products/laptop/hp-pavilion-15-bc020nr-387887/specs"
"116",115,115,"laptop","HP","Pavilion 17 Gaming",770,"http://www.consumerreports.org/products/laptop/hp-pavilion-17-gaming-386457/","https://www.consumerreports.org/products/laptop/hp-pavilion-17-gaming-386457/specs"
"117",116,116,"laptop","HP","Pavilion 17-g148dx",380,"http://www.consumerreports.org/products/laptop/hp-pavilion-17-g148dx-386109/","https://www.consumerreports.org/products/laptop/hp-pavilion-17-g148dx-386109/specs"
"118",117,117,"laptop","HP","Pavilion M3-U101DX x360",475,"http://www.consumerreports.org/products/laptop/hp-pavilion-m3-u101dx-x360-388646/","https://www.consumerreports.org/products/laptop/hp-pavilion-m3-u101dx-x360-388646/specs"
"119",118,118,"laptop","HP","Pavilion x360 11.6",430,"http://www.consumerreports.org/products/laptop/hp-pavilion-x360-11-6-386461/","https://www.consumerreports.org/products/laptop/hp-pavilion-x360-11-6-386461/specs"
"120",119,119,"laptop","HP","Pavilion x360 13.3",525,"http://www.consumerreports.org/products/laptop/hp-pavilion-x360-13-3-386463/","https://www.consumerreports.org/products/laptop/hp-pavilion-x360-13-3-386463/specs"
"121",120,120,"laptop","HP","Pavilion x360 15.6",535,"http://www.consumerreports.org/products/laptop/hp-pavilion-x360-15-6-386462/","https://www.consumerreports.org/products/laptop/hp-pavilion-x360-15-6-386462/specs"
"122",121,121,"laptop","HP","Pavilion x360-11t",330,"http://www.consumerreports.org/products/laptop/hp-pavilion-x360-11t-386338/","https://www.consumerreports.org/products/laptop/hp-pavilion-x360-11t-386338/specs"
"123",122,122,"laptop","HP","Pavilion x360-13t",525,"http://www.consumerreports.org/products/laptop/hp-pavilion-x360-13t-386339/","https://www.consumerreports.org/products/laptop/hp-pavilion-x360-13t-386339/specs"
"124",123,123,"laptop","HP","Spectre 13-v011dx",1100,"http://www.consumerreports.org/products/laptop/hp-spectre-13-v011dx-386110/","https://www.consumerreports.org/products/laptop/hp-spectre-13-v011dx-386110/specs"
"125",124,124,"laptop","HP","Spectre 15-BL012DX x360",1500,"http://www.consumerreports.org/products/laptop/hp-spectre-15-bl012dx-x360-388638/","https://www.consumerreports.org/products/laptop/hp-spectre-15-bl012dx-x360-388638/specs"
"126",125,125,"laptop","HP","Spectre x360 13-4103dx",975,"http://www.consumerreports.org/products/laptop/hp-spectre-x360-13-4103dx-384989/","https://www.consumerreports.org/products/laptop/hp-spectre-x360-13-4103dx-384989/specs"
"127",126,126,"laptop","HP","Spectre x360 13-AC013DX",1200,"http://www.consumerreports.org/products/laptop/hp-spectre-x360-13-ac013dx-388767/","https://www.consumerreports.org/products/laptop/hp-spectre-x360-13-ac013dx-388767/specs"
"128",127,127,"laptop","HP","Spectre x360 13t",1170,"http://www.consumerreports.org/products/laptop/hp-spectre-x360-13t-387888/","https://www.consumerreports.org/products/laptop/hp-spectre-x360-13t-387888/specs"
"129",128,128,"laptop","HP","Spectre x360-15t",1150,"http://www.consumerreports.org/products/laptop/hp-spectre-x360-15t-385668/","https://www.consumerreports.org/products/laptop/hp-spectre-x360-15t-385668/specs"
"130",129,129,"laptop","HP","Stream 14-ax010nr",220,"http://www.consumerreports.org/products/laptop/hp-stream-14-ax010nr-387686/","https://www.consumerreports.org/products/laptop/hp-stream-14-ax010nr-387686/specs"
"131",130,130,"laptop","HP","x2 10-p020nr",265,"http://www.consumerreports.org/products/laptop/hp-x2-10-p020nr-387886/","https://www.consumerreports.org/products/laptop/hp-x2-10-p020nr-387886/specs"
"132",131,131,"laptop","Lenovo","310-15ABR",400,"http://www.consumerreports.org/products/laptop/lenovo-310-15abr-388644/","https://www.consumerreports.org/products/laptop/lenovo-310-15abr-388644/specs"
"133",132,132,"laptop","Lenovo","Flex 3 11",230,"http://www.consumerreports.org/products/laptop/lenovo-flex-3-11-379139/","https://www.consumerreports.org/products/laptop/lenovo-flex-3-11-379139/specs"
"134",133,133,"laptop","Lenovo","Flex 4",680,"http://www.consumerreports.org/products/laptop/lenovo-flex-4-386342/","https://www.consumerreports.org/products/laptop/lenovo-flex-4-386342/specs"
"135",134,134,"laptop","Lenovo","Flex 5 15",1000,"http://www.consumerreports.org/products/laptop/lenovo-flex-5-15-389338/","https://www.consumerreports.org/products/laptop/lenovo-flex-5-15-389338/specs"
"136",135,135,"laptop","Lenovo","G70-80Q5004QUS",330,"http://www.consumerreports.org/products/laptop/lenovo-g70-80q5004qus-385669/","https://www.consumerreports.org/products/laptop/lenovo-g70-80q5004qus-385669/specs"
"137",136,136,"laptop","Lenovo","IdeaPad 110",310,"http://www.consumerreports.org/products/laptop/lenovo-ideapad-110-389339/","https://www.consumerreports.org/products/laptop/lenovo-ideapad-110-389339/specs"
"138",137,137,"laptop","Lenovo","Ideapad 500S",750,"http://www.consumerreports.org/products/laptop/lenovo-ideapad-500s-385671/","https://www.consumerreports.org/products/laptop/lenovo-ideapad-500s-385671/specs"
"139",138,138,"laptop","Lenovo","Ideapad 510s",690,"http://www.consumerreports.org/products/laptop/lenovo-ideapad-510s-386297/","https://www.consumerreports.org/products/laptop/lenovo-ideapad-510s-386297/specs"
"140",139,139,"laptop","Lenovo","Ideapad 700 15""",850,"http://www.consumerreports.org/products/laptop/lenovo-ideapad-700-15-385672/","https://www.consumerreports.org/products/laptop/lenovo-ideapad-700-15-385672/specs"
"141",140,140,"laptop","Lenovo","Ideapad 700 17""",1100,"http://www.consumerreports.org/products/laptop/lenovo-ideapad-700-17-385673/","https://www.consumerreports.org/products/laptop/lenovo-ideapad-700-17-385673/specs"
"142",141,141,"laptop","Lenovo","Ideapad Miix 700",650,"http://www.consumerreports.org/products/laptop/lenovo-ideapad-miix-700-385849/","https://www.consumerreports.org/products/laptop/lenovo-ideapad-miix-700-385849/specs"
"143",142,142,"laptop","Lenovo","Ideapad Yoga 700",700,"http://www.consumerreports.org/products/laptop/lenovo-ideapad-yoga-700-385674/","https://www.consumerreports.org/products/laptop/lenovo-ideapad-yoga-700-385674/specs"
"144",143,143,"laptop","Lenovo","ThinkPad X1 Tablet",1475,"http://www.consumerreports.org/products/laptop/lenovo-thinkpad-x1-tablet-386111/","https://www.consumerreports.org/products/laptop/lenovo-thinkpad-x1-tablet-386111/specs"
"145",144,144,"laptop","Lenovo","ThinkPad X260",1175,"http://www.consumerreports.org/products/laptop/lenovo-thinkpad-x260-386344/","https://www.consumerreports.org/products/laptop/lenovo-thinkpad-x260-386344/specs"
"146",145,145,"laptop","Lenovo","Yoga 710 14""",1000,"http://www.consumerreports.org/products/laptop/lenovo-yoga-710-14-386361/","https://www.consumerreports.org/products/laptop/lenovo-yoga-710-14-386361/specs"
"147",146,146,"laptop","Lenovo","Yoga 710 15""",980,"http://www.consumerreports.org/products/laptop/lenovo-yoga-710-15-386362/","https://www.consumerreports.org/products/laptop/lenovo-yoga-710-15-386362/specs"
"148",147,147,"laptop","Lenovo","Yoga 710 80V4000GUS",805,"http://www.consumerreports.org/products/laptop/lenovo-yoga-710-80v4000gus-387890/","https://www.consumerreports.org/products/laptop/lenovo-yoga-710-80v4000gus-387890/specs"
"149",148,148,"laptop","Lenovo","Yoga 710 80V6000PUS",700,"http://www.consumerreports.org/products/laptop/lenovo-yoga-710-80v6000pus-387891/","https://www.consumerreports.org/products/laptop/lenovo-yoga-710-80v6000pus-387891/specs"
"150",149,149,"laptop","Lenovo","Yoga 720-13IKB",805,"http://www.consumerreports.org/products/laptop/lenovo-yoga-720-13ikb-389336/","https://www.consumerreports.org/products/laptop/lenovo-yoga-720-13ikb-389336/specs"
"151",150,150,"laptop","Lenovo","Yoga 720-15IKB",1000,"http://www.consumerreports.org/products/laptop/lenovo-yoga-720-15ikb-389337/","https://www.consumerreports.org/products/laptop/lenovo-yoga-720-15ikb-389337/specs"
"152",151,151,"laptop","Lenovo","Yoga 900S",1100,"http://www.consumerreports.org/products/laptop/lenovo-yoga-900s-386282/","https://www.consumerreports.org/products/laptop/lenovo-yoga-900s-386282/specs"
"153",152,152,"laptop","Lenovo","Yoga 910",1115,"http://www.consumerreports.org/products/laptop/lenovo-yoga-910-387892/","https://www.consumerreports.org/products/laptop/lenovo-yoga-910-387892/specs"
"154",153,153,"laptop","Lenovo","Z70- 80FG00DCUS",935,"http://www.consumerreports.org/products/laptop/lenovo-z70-80fg00dcus-385906/","https://www.consumerreports.org/products/laptop/lenovo-z70-80fg00dcus-385906/specs"
"155",154,154,"laptop","LG","Gram 13 - Touchscreen",1100,"http://www.consumerreports.org/products/laptop/lg-gram-13-touchscreen-388777/","https://www.consumerreports.org/products/laptop/lg-gram-13-touchscreen-388777/specs"
"156",155,155,"laptop","LG","gram 13Z950",800,"http://www.consumerreports.org/products/laptop/lg-gram-13z950-384803/","https://www.consumerreports.org/products/laptop/lg-gram-13z950-384803/specs"
"157",156,156,"laptop","LG","Gram 14 - Touchscreen",1165,"http://www.consumerreports.org/products/laptop/lg-gram-14-touchscreen-388778/","https://www.consumerreports.org/products/laptop/lg-gram-14-touchscreen-388778/specs"
"158",157,157,"laptop","LG","Gram 15 - Touchscreen",1150,"http://www.consumerreports.org/products/laptop/lg-gram-15-touchscreen-388773/","https://www.consumerreports.org/products/laptop/lg-gram-15-touchscreen-388773/specs"
"159",158,158,"laptop","Microsoft","Surface 3",395,"http://www.consumerreports.org/products/laptop/microsoft-surface-3-384272/","https://www.consumerreports.org/products/laptop/microsoft-surface-3-384272/specs"
"160",159,159,"laptop","Microsoft","Surface Book (512GB)",2800,"http://www.consumerreports.org/products/laptop/microsoft-surface-book-512gb-388051/","https://www.consumerreports.org/products/laptop/microsoft-surface-book-512gb-388051/specs"
"161",160,160,"laptop","Microsoft","Surface Laptop (Core i5, 128GB)",1000,"http://www.consumerreports.org/products/laptop/microsoft-surface-389343/","https://www.consumerreports.org/products/laptop/microsoft-surface-389343/specs"
"162",161,161,"laptop","Microsoft","Surface Laptop (Core i5, 256GB)",1300,"http://www.consumerreports.org/products/laptop/microsoft-surface-laptop-core-i5-256gb-392723/","https://www.consumerreports.org/products/laptop/microsoft-surface-laptop-core-i5-256gb-392723/specs"
"163",162,162,"laptop","Microsoft","Surface Pro 3",830,"http://www.consumerreports.org/products/laptop/microsoft-surface-pro-3-272591/","https://www.consumerreports.org/products/laptop/microsoft-surface-pro-3-272591/specs"
"164",163,163,"laptop","Samsung","ATIV Book 9 Plus NP940X3K-K03US",1200,"http://www.consumerreports.org/products/laptop/samsung-ativ-book-9-plus-np940x3k-k03us-371600/","https://www.consumerreports.org/products/laptop/samsung-ativ-book-9-plus-np940x3k-k03us-371600/specs"
"165",164,164,"laptop","Samsung","Galaxy TabPro S",750,"http://www.consumerreports.org/products/laptop/samsung-galaxy-tabpro-s-385907/","https://www.consumerreports.org/products/laptop/samsung-galaxy-tabpro-s-385907/specs"
"166",165,165,"laptop","Samsung","Notebook 5",625,"http://www.consumerreports.org/products/laptop/samsung-notebook-5-388770/","https://www.consumerreports.org/products/laptop/samsung-notebook-5-388770/specs"
"167",166,166,"laptop","Samsung","Notebook 7 740U3L",800,"http://www.consumerreports.org/products/laptop/samsung-notebook-7-740u3l-387109/","https://www.consumerreports.org/products/laptop/samsung-notebook-7-740u3l-387109/specs"
"168",167,167,"laptop","Samsung","Notebook 7 Spin 13",800,"http://www.consumerreports.org/products/laptop/samsung-notebook-7-spin-13-388953/","https://www.consumerreports.org/products/laptop/samsung-notebook-7-spin-13-388953/specs"
"169",168,168,"laptop","Samsung","Notebook 7 Spin 15",1000,"http://www.consumerreports.org/products/laptop/samsung-notebook-7-spin-15-388954/","https://www.consumerreports.org/products/laptop/samsung-notebook-7-spin-15-388954/specs"
"170",169,169,"laptop","Samsung","Notebook 9",1400,"http://www.consumerreports.org/products/laptop/samsung-notebook-9-388637/","https://www.consumerreports.org/products/laptop/samsung-notebook-9-388637/specs"
"171",170,170,"laptop","Toshiba","dynaPad WT12PE-A64",450,"http://www.consumerreports.org/products/laptop/toshiba-dynapad-wt12pe-a64-385691/","https://www.consumerreports.org/products/laptop/toshiba-dynapad-wt12pe-a64-385691/specs"
"172",171,171,"laptop","Toshiba","Satellite Click10 LX0WÂ­C64",275,"http://www.consumerreports.org/products/laptop/toshiba-satellite-click10-lx0w-c64-384805/","https://www.consumerreports.org/products/laptop/toshiba-satellite-click10-lx0w-c64-384805/specs"
"173",172,172,"laptop","Toshiba","Satellite Radius P25W-C2300-4K",750,"http://www.consumerreports.org/products/laptop/toshiba-satellite-radius-p25w-c2300-4k-385005/","https://www.consumerreports.org/products/laptop/toshiba-satellite-radius-p25w-c2300-4k-385005/specs"
"174",173,173,"laptop","Vaio","S",1135,"http://www.consumerreports.org/products/laptop/vaio-s-386113/","https://www.consumerreports.org/products/laptop/vaio-s-386113/specs"
"175",174,174,"laptop","Acer","Aspire E5-574-53QS",390,"http://www.consumerreports.org/products/laptop/acer-aspire-e5-574-53qs-385910/","https://www.consumerreports.org/products/laptop/acer-aspire-e5-574-53qs-385910/specs"
"176",175,175,"laptop","Acer","Aspire ES1-571-P1MG",315,"http://www.consumerreports.org/products/laptop/acer-aspire-es1-571-p1mg-386346/","https://www.consumerreports.org/products/laptop/acer-aspire-es1-571-p1mg-386346/specs"
"177",176,176,"laptop","Acer","Aspire One Cloudbook AO1-131-C9PM",165,"http://www.consumerreports.org/products/laptop/acer-aspire-one-cloudbook-ao1-131-c9pm-384806/","https://www.consumerreports.org/products/laptop/acer-aspire-one-cloudbook-ao1-131-c9pm-384806/specs"
"178",177,177,"laptop","Acer","Aspire R5-571T-57Z0",700,"http://www.consumerreports.org/products/laptop/acer-aspire-r5-571t-57z0-388093/","https://www.consumerreports.org/products/laptop/acer-aspire-r5-571t-57z0-388093/specs"
"179",178,178,"laptop","Acer","Aspire R7-372T-54TM",900,"http://www.consumerreports.org/products/laptop/acer-aspire-r7-372t-54tm-387107/","https://www.consumerreports.org/products/laptop/acer-aspire-r7-372t-54tm-387107/specs"
"180",179,179,"laptop","Acer","Spin 5 SP513-51-55ZR",570,"http://www.consumerreports.org/products/laptop/acer-spin-5-sp513-51-55zr-388098/","https://www.consumerreports.org/products/laptop/acer-spin-5-sp513-51-55zr-388098/specs"
"181",180,180,"laptop","Acer","Swift 3 SF314-51-52W2",690,"http://www.consumerreports.org/products/laptop/acer-swift-3-sf314-51-52w2-387923/","https://www.consumerreports.org/products/laptop/acer-swift-3-sf314-51-52w2-387923/specs"
"182",181,181,"laptop","Apple","MacBook Air 13-inch MJVE2LL/A",1000,"http://www.consumerreports.org/products/laptop/apple-macbook-air-13-inch-mjve2ll-a-374086/","https://www.consumerreports.org/products/laptop/apple-macbook-air-13-inch-mjve2ll-a-374086/specs"
"183",182,182,"laptop","Apple","MacBook Pro 13-inch with Retina Display MF839LL/A",1149,"http://www.consumerreports.org/products/laptop/apple-macbook-pro-13-inch-with-retina-display-mf839ll-a-374087/","https://www.consumerreports.org/products/laptop/apple-macbook-pro-13-inch-with-retina-display-mf839ll-a-374087/specs"
"184",183,183,"laptop","Apple","MacBook Pro 15-inch with Retina Display MJLQ2LL/A",1848,"http://www.consumerreports.org/products/laptop/apple-macbook-pro-15-inch-with-retina-display-mjlq2ll-a-381914/","https://www.consumerreports.org/products/laptop/apple-macbook-pro-15-inch-with-retina-display-mjlq2ll-a-381914/specs"
"185",184,184,"laptop","Apple","MacBook Pro 15-inch with Touch Bar MPTU2LL/A",2297,"http://www.consumerreports.org/products/laptop/apple-macbook-pro-15-inch-touch-bar-392574/","https://www.consumerreports.org/products/laptop/apple-macbook-pro-15-inch-touch-bar-392574/specs"
"186",185,185,"laptop","Asus","EeeBook E402MA-EH",200,"http://www.consumerreports.org/products/laptop/asus-eeebook-e402ma-eh-386280/","https://www.consumerreports.org/products/laptop/asus-eeebook-e402ma-eh-386280/specs"
"187",186,186,"laptop","Asus","Q304UA-BBI5T10",595,"http://www.consumerreports.org/products/laptop/asus-q304ua-bbi5t10-386676/","https://www.consumerreports.org/products/laptop/asus-q304ua-bbi5t10-386676/specs"
"188",187,187,"laptop","Asus","T300CHI-RHM5T06",475,"http://www.consumerreports.org/products/laptop/asus-t300chi-rhm5t06-385010/","https://www.consumerreports.org/products/laptop/asus-t300chi-rhm5t06-385010/specs"
"189",188,188,"laptop","Asus","Transformer Book T100CHI-C1",295,"http://www.consumerreports.org/products/laptop/asus-transformer-book-t100chi-c1-379138/","https://www.consumerreports.org/products/laptop/asus-transformer-book-t100chi-c1-379138/specs"
"190",189,189,"laptop","Asus","VivoBook E403SA-US21",370,"http://www.consumerreports.org/products/laptop/asus-vivobook-e403sa-us21-386117/","https://www.consumerreports.org/products/laptop/asus-vivobook-e403sa-us21-386117/specs"
"191",190,190,"laptop","Asus","X555YA-DB84Q",430,"http://www.consumerreports.org/products/laptop/asus-x555ya-db84q-387687/","https://www.consumerreports.org/products/laptop/asus-x555ya-db84q-387687/specs"
"192",191,191,"laptop","Asus","ZenBook Flip UX360CA",800,"http://www.consumerreports.org/products/laptop/asus-zenbook-flip-ux360ca-387106/","https://www.consumerreports.org/products/laptop/asus-zenbook-flip-ux360ca-387106/specs"
"193",192,192,"laptop","Asus","ZenBook Pro UX501VW-DS71T",1500,"http://www.consumerreports.org/products/laptop/asus-zenbook-pro-ux501vw-ds71t-386108/","https://www.consumerreports.org/products/laptop/asus-zenbook-pro-ux501vw-ds71t-386108/specs"
"194",193,193,"laptop","Dell","Inspiron I3452-600BLK",210,"http://www.consumerreports.org/products/laptop/dell-inspiron-i3452-600blk-384994/","https://www.consumerreports.org/products/laptop/dell-inspiron-i3452-600blk-384994/specs"
"195",194,194,"laptop","Dell","Inspiron i5568-5240",580,"http://www.consumerreports.org/products/laptop/dell-inspiron-i5568-5240-387264/","https://www.consumerreports.org/products/laptop/dell-inspiron-i5568-5240-387264/specs"
"196",195,195,"laptop","Dell","Inspiron I7579-0028GRY",800,"http://www.consumerreports.org/products/laptop/dell-inspiron-i7579-0028gry-388094/","https://www.consumerreports.org/products/laptop/dell-inspiron-i7579-0028gry-388094/specs"
"197",196,196,"laptop","HP","ENVY x360 15t Touch 7th Gen",730,"http://www.consumerreports.org/products/laptop/hp-envy-x360-15t-touch-7th-gen-387889/","https://www.consumerreports.org/products/laptop/hp-envy-x360-15t-touch-7th-gen-387889/specs"
"198",197,197,"laptop","HP","Laptop 17.3",790,"http://www.consumerreports.org/products/laptop/hp-laptop-17-3-386464/","https://www.consumerreports.org/products/laptop/hp-laptop-17-3-386464/specs"
"199",198,198,"laptop","HP","Pavilion M1-U001DX",400,"http://www.consumerreports.org/products/laptop/hp-pavilion-m1-u001dx-386340/","https://www.consumerreports.org/products/laptop/hp-pavilion-m1-u001dx-386340/specs"
"200",199,199,"laptop","HP","Pavilion x2 12b010nr",500,"http://www.consumerreports.org/products/laptop/hp-pavilion-x2-12b010nr-385667/","https://www.consumerreports.org/products/laptop/hp-pavilion-x2-12b010nr-385667/specs"
"201",200,200,"laptop","HP","Pavilion x360 m3-u103dx",700,"http://www.consumerreports.org/products/laptop/hp-pavilion-x360-m3-u103dx-388096/","https://www.consumerreports.org/products/laptop/hp-pavilion-x360-m3-u103dx-388096/specs"
"202",201,201,"laptop","HP","Stream 11-y010nr",200,"http://www.consumerreports.org/products/laptop/hp-stream-11-y010nr-387459/","https://www.consumerreports.org/products/laptop/hp-stream-11-y010nr-387459/specs"
"203",202,202,"laptop","Huawei","Matebook",515,"http://www.consumerreports.org/products/laptop/huawei-matebook-387684/","https://www.consumerreports.org/products/laptop/huawei-matebook-387684/specs"
"204",203,203,"laptop","Lenovo","110-15IBR 80T7000HUS",300,"http://www.consumerreports.org/products/laptop/lenovo-110-15ibr-386678/","https://www.consumerreports.org/products/laptop/lenovo-110-15ibr-386678/specs"
"205",204,204,"laptop","Lenovo","300-17ISK 80QH008MUS",330,"http://www.consumerreports.org/products/laptop/lenovo-300-17isk-386677/","https://www.consumerreports.org/products/laptop/lenovo-300-17isk-386677/specs"
"206",205,205,"laptop","Lenovo","Flex 3 80LY0008US",300,"http://www.consumerreports.org/products/laptop/lenovo-flex-3-80ly0008us-385003/","https://www.consumerreports.org/products/laptop/lenovo-flex-3-80ly0008us-385003/specs"
"207",206,206,"laptop","Lenovo","Ideapad 300S",530,"http://www.consumerreports.org/products/laptop/lenovo-ideapad-300s-385670/","https://www.consumerreports.org/products/laptop/lenovo-ideapad-300s-385670/specs"
"208",207,207,"laptop","Lenovo","Ideapad Miix 310",300,"http://www.consumerreports.org/products/laptop/lenovo-ideapad-miix-310-387117/","https://www.consumerreports.org/products/laptop/lenovo-ideapad-miix-310-387117/specs"
"209",208,208,"laptop","Lenovo","Ideapad Y700 80NU000UUS",800,"http://www.consumerreports.org/products/laptop/lenovo-ideapad-y700-80nu000sus-386451/","https://www.consumerreports.org/products/laptop/lenovo-ideapad-y700-80nu000sus-386451/specs"
"210",209,209,"laptop","Lenovo","Ideapad Y700 80NW000PUS",1000,"http://www.consumerreports.org/products/laptop/lenovo-ideapad-y700-80nw000pus-386453/","https://www.consumerreports.org/products/laptop/lenovo-ideapad-y700-80nw000pus-386453/specs"
"211",210,210,"laptop","Lenovo","Ideapad Y700 80Q0008WUS",1189.99,"http://www.consumerreports.org/products/laptop/lenovo-ideapad-y700-80q0008wus-386452/","https://www.consumerreports.org/products/laptop/lenovo-ideapad-y700-80q0008wus-386452/specs"
"212",211,211,"laptop","Lenovo","ThinkPad N22",150,"http://www.consumerreports.org/products/laptop/lenovo-thinkpad-n22-387458/","https://www.consumerreports.org/products/laptop/lenovo-thinkpad-n22-387458/specs"
"213",212,212,"laptop","Lenovo","ThinkPad X1 Carbon 4th Gen",2025,"http://www.consumerreports.org/products/laptop/lenovo-thinkpad-x1-carbon-4th-gen-386343/","https://www.consumerreports.org/products/laptop/lenovo-thinkpad-x1-carbon-4th-gen-386343/specs"
"214",213,213,"laptop","Lenovo","ThinkPad X1 Yoga",1403.99,"http://www.consumerreports.org/products/laptop/lenovo-thinkpad-x1-yoga-385732/","https://www.consumerreports.org/products/laptop/lenovo-thinkpad-x1-yoga-385732/specs"
"215",214,214,"laptop","Lenovo","Y700-15ACZ",800,"http://www.consumerreports.org/products/laptop/lenovo-y700-15acz-386281/","https://www.consumerreports.org/products/laptop/lenovo-y700-15acz-386281/specs"
"216",215,215,"laptop","LG","gram 14Z950",900,"http://www.consumerreports.org/products/laptop/lg-gram-14z950-384804/","https://www.consumerreports.org/products/laptop/lg-gram-14z950-384804/specs"
"217",216,216,"laptop","LG","gram 15Z960",1050,"http://www.consumerreports.org/products/laptop/lg-gram-15z-960-386112/","https://www.consumerreports.org/products/laptop/lg-gram-15z-960-386112/specs"
"218",217,217,"laptop","Microsoft","Surface Book",1300,"http://www.consumerreports.org/products/laptop/microsoft-surface-book-384901/","https://www.consumerreports.org/products/laptop/microsoft-surface-book-384901/specs"
"219",218,218,"laptop","Microsoft","Surface Pro 4",900,"http://www.consumerreports.org/products/laptop/microsoft-surface-pro-4-384902/","https://www.consumerreports.org/products/laptop/microsoft-surface-pro-4-384902/specs"
"220",219,219,"laptop","Samsung","ATIV Book 9 NP930X2K-K02US",750,"http://www.consumerreports.org/products/laptop/samsung-ativ-book-9-np930x2k-k02us-371599/","https://www.consumerreports.org/products/laptop/samsung-ativ-book-9-np930x2k-k02us-371599/specs"
"221",220,220,"laptop","Samsung","Notebook 7 740U5LE",1000,"http://www.consumerreports.org/products/laptop/samsung-notebook-7-740u5le-387110/","https://www.consumerreports.org/products/laptop/samsung-notebook-7-740u5le-387110/specs"
"222",221,221,"laptop","Samsung","Notebook 9 NP900X3L-K06US",850,"http://www.consumerreports.org/products/laptop/samsung-notebook-9-np900x3l-k06us-385908/","https://www.consumerreports.org/products/laptop/samsung-notebook-9-np900x3l-k06us-385908/specs"
"223",222,222,"laptop","Samsung","Notebook 9 NP900X5L-K02US",1199.99,"http://www.consumerreports.org/products/laptop/samsung-notebook-9-np900x5l-k02us-385909/","https://www.consumerreports.org/products/laptop/samsung-notebook-9-np900x5l-k02us-385909/specs"
"224",223,223,"laptop","Samsung","Notebook 9 pro NP940Z5L-X01US",1050,"http://www.consumerreports.org/products/laptop/samsung-notebook-9-pro-np940z5l-x01us-385107/","https://www.consumerreports.org/products/laptop/samsung-notebook-9-pro-np940z5l-x01us-385107/specs"
"225",224,224,"laptop","Samsung","Notebook 9 spin NP940X3L-K01US",1000,"http://www.consumerreports.org/products/laptop/samsung-notebook-9-spin-np940x3l-k01us-385106/","https://www.consumerreports.org/products/laptop/samsung-notebook-9-spin-np940x3l-k01us-385106/specs"
"226",225,225,"laptop","Vaio","Z",1479,"http://www.consumerreports.org/products/laptop/vaio-z-386114/","https://www.consumerreports.org/products/laptop/vaio-z-386114/specs"
"227",226,226,"laptop","Vaio","Z Canvas",1540,"http://www.consumerreports.org/products/laptop/vaio-z-canvas-385680/","https://www.consumerreports.org/products/laptop/vaio-z-canvas-385680/specs"
"228",227,227,"laptop","Vaio","Z Flip",1749.98,"http://www.consumerreports.org/products/laptop/vaio-flip-z-385731/","https://www.consumerreports.org/products/laptop/vaio-flip-z-385731/specs"
"229",228,228,"laptop","Acer","Aspire E5-575T-3678",400,"http://www.consumerreports.org/products/laptop/acer-aspire-e5-575t-3678-388641/","https://www.consumerreports.org/products/laptop/acer-aspire-e5-575t-3678-388641/specs"
"230",229,229,"laptop","Acer","Aspire ES 15 E5-573-35JA",250,"http://www.consumerreports.org/products/laptop/acer-aspire-es-15-e5-573-35ja-386283/","https://www.consumerreports.org/products/laptop/acer-aspire-es-15-e5-573-35ja-386283/specs"
"231",230,230,"laptop","Acer","Aspire ES1-533-C55P",280,"http://www.consumerreports.org/products/laptop/acer-aspire-es1-533-c55p-388642/","https://www.consumerreports.org/products/laptop/acer-aspire-es1-533-c55p-388642/specs"
"232",231,231,"laptop","Acer","Aspire F5-573-505W",500,"http://www.consumerreports.org/products/laptop/acer-aspire-f5-573-505w-386465/","https://www.consumerreports.org/products/laptop/acer-aspire-f5-573-505w-386465/specs"
"233",232,232,"laptop","Acer","Aspire Nitro VN7- 592G-77",1115,"http://www.consumerreports.org/products/laptop/acer-aspire-nitro-vn7-592g-77-386284/","https://www.consumerreports.org/products/laptop/acer-aspire-nitro-vn7-592g-77-386284/specs"
"234",233,233,"laptop","Acer","Aspire R3-131T-P6G7",450,"http://www.consumerreports.org/products/laptop/acer-aspire-r3-131t-p6g7-387266/","https://www.consumerreports.org/products/laptop/acer-aspire-r3-131t-p6g7-387266/specs"
"235",234,234,"laptop","Acer","Aspire R5-571T-59DC",585,"http://www.consumerreports.org/products/laptop/acer-aspire-r5-571t-59dc-386554/","https://www.consumerreports.org/products/laptop/acer-aspire-r5-571t-59dc-386554/specs"
"236",235,235,"laptop","Acer","Aspire S 13 S5-371T-76CY",1050,"http://www.consumerreports.org/products/laptop/acer-aspire-s-13-s5-371t-76cy-387895/","https://www.consumerreports.org/products/laptop/acer-aspire-s-13-s5-371t-76cy-387895/specs"
"237",236,236,"laptop","Acer","Aspire S5-371-52JR",715,"http://www.consumerreports.org/products/laptop/acer-aspire-s5-371-52jr-386553/","https://www.consumerreports.org/products/laptop/acer-aspire-s5-371-52jr-386553/specs"
"238",237,237,"laptop","Acer","Aspire Switch 10 SW5-015-198P",350,"http://www.consumerreports.org/products/laptop/acer-aspire-switch-10-sw5-015-198p-386345/","https://www.consumerreports.org/products/laptop/acer-aspire-switch-10-sw5-015-198p-386345/specs"
"239",238,238,"laptop","Acer","Aspire V5-591G-55PV",800,"http://www.consumerreports.org/products/laptop/acer-aspire-v5-591g-55pv-387108/","https://www.consumerreports.org/products/laptop/acer-aspire-v5-591g-55pv-387108/specs"
"240",239,239,"laptop","Acer","Spin 1 SP111-31-C2W3",250,"http://www.consumerreports.org/products/laptop/acer-spin-1-sp111-31-c2w3-388639/","https://www.consumerreports.org/products/laptop/acer-spin-1-sp111-31-c2w3-388639/specs"
"241",240,240,"laptop","Acer","Swift 7 SF713-51-M90J",1000,"http://www.consumerreports.org/products/laptop/acer-swift-7-sf713-51-m90j-387922/","https://www.consumerreports.org/products/laptop/acer-swift-7-sf713-51-m90j-387922/specs"
"242",241,241,"laptop","Acer","Switch Alpha 12 SA5-271-594J",700,"http://www.consumerreports.org/products/laptop/acer-switch-alpha-12-sa5-271-594j-386446/","https://www.consumerreports.org/products/laptop/acer-switch-alpha-12-sa5-271-594j-386446/specs"
"243",242,242,"laptop","Apple","MacBook 12-inch MF855LL/A",1300,"http://www.consumerreports.org/products/laptop/apple-macbook-12-inch-mf855ll-a-377002/","https://www.consumerreports.org/products/laptop/apple-macbook-12-inch-mf855ll-a-377002/specs"
"244",243,243,"laptop","Apple","MacBook 12-inch MLHE2LL/A",1300,"http://www.consumerreports.org/products/laptop/apple-macbook-12-inch-mlhe2ll-a-386115/","https://www.consumerreports.org/products/laptop/apple-macbook-12-inch-mlhe2ll-a-386115/specs"
"245",244,244,"laptop","Apple","MacBook 12-inch MNYH2LL/A",1300,"http://www.consumerreports.org/products/laptop/apple-macbook-12-inch-392572/","https://www.consumerreports.org/products/laptop/apple-macbook-12-inch-392572/specs"
"246",245,245,"laptop","Apple","MacBook Air 11-inch MJVM2LL/A",900,"http://www.consumerreports.org/products/laptop/apple-macbook-air-11-inch-mjvm2ll-a-374085/","https://www.consumerreports.org/products/laptop/apple-macbook-air-11-inch-mjvm2ll-a-374085/specs"
"247",246,246,"laptop","Apple","MacBook Pro 13-inch MLH12LL/A",1800,"http://www.consumerreports.org/products/laptop/apple-macbook-pro-13-inch-mlh12ll-a-388053/","https://www.consumerreports.org/products/laptop/apple-macbook-pro-13-inch-mlh12ll-a-388053/specs"
"248",247,247,"laptop","Apple","MacBook Pro 13-inch MLL42LL/A",1300,"http://www.consumerreports.org/products/laptop/apple-macbook-pro-13-inch-mll42ll-a-388052/","https://www.consumerreports.org/products/laptop/apple-macbook-pro-13-inch-mll42ll-a-388052/specs"
"249",248,248,"laptop","Apple","MacBook Pro 13-inch MPXR2LL/A",1300,"http://www.consumerreports.org/products/laptop/apple-macbook-pro-13-inch-no-touch-bar-392573/","https://www.consumerreports.org/products/laptop/apple-macbook-pro-13-inch-no-touch-bar-392573/specs"
"250",249,249,"laptop","Apple","MacBook Pro 15-inch MLH32LL/A",2400,"http://www.consumerreports.org/products/laptop/apple-macbook-pro-15-inch-mlh32ll-a-388054/","https://www.consumerreports.org/products/laptop/apple-macbook-pro-15-inch-mlh32ll-a-388054/specs"
"251",250,250,"laptop","Asus","Q304UA-BHI5T11",650,"http://www.consumerreports.org/products/laptop/asus-q304ua-bhi5t11-387894/","https://www.consumerreports.org/products/laptop/asus-q304ua-bhi5t11-387894/specs"
"252",251,251,"laptop","Asus","Q324UA-BHI7T17",1100,"http://www.consumerreports.org/products/laptop/asus-q324ua-bhi7t17-387893/","https://www.consumerreports.org/products/laptop/asus-q324ua-bhi7t17-387893/specs"
"253",252,252,"laptop","Asus","Q524UQ-BBI7T14",880,"http://www.consumerreports.org/products/laptop/asus-q524uq-bbi7t14-386679/","https://www.consumerreports.org/products/laptop/asus-q524uq-bbi7t14-386679/specs"
"254",253,253,"laptop","Asus","Q524UQ-BHI7T15",1000,"http://www.consumerreports.org/products/laptop/asus-q524uq-bhi7t15-388948/","https://www.consumerreports.org/products/laptop/asus-q524uq-bhi7t15-388948/specs"
"255",254,254,"laptop","Asus","Transformer Book T300CHI-F1-DB",465,"http://www.consumerreports.org/products/laptop/asus-transformer-book-t300chi-f1-db-381372/","https://www.consumerreports.org/products/laptop/asus-transformer-book-t300chi-f1-db-381372/specs"
"256",255,255,"laptop","Asus","VivoBook E200HA-US01",200,"http://www.consumerreports.org/products/laptop/asus-vivobook-e200ha-us01-385911/","https://www.consumerreports.org/products/laptop/asus-vivobook-e200ha-us01-385911/specs"
"257",256,256,"laptop","Asus","VivoBook Pro N552VX",1300,"http://www.consumerreports.org/products/laptop/asus-vivobook-pro-n552vx-387457/","https://www.consumerreports.org/products/laptop/asus-vivobook-pro-n552vx-387457/specs"
"258",257,257,"laptop","Dell","Inspiron 11 3000",180,"http://www.consumerreports.org/products/laptop/dell-inspiron-11-3000-385665/","https://www.consumerreports.org/products/laptop/dell-inspiron-11-3000-385665/specs"
"259",258,258,"laptop","Dell","Inspiron 11 3000 3rd Gen",400,"http://www.consumerreports.org/products/laptop/brondell-inspiron-11-3000-3rd-gen-387111/","https://www.consumerreports.org/products/laptop/brondell-inspiron-11-3000-3rd-gen-387111/specs"
"260",259,259,"laptop","Dell","Inspiron 13 5000",700,"http://www.consumerreports.org/products/laptop/brondell-inspiron-13-5000-387112/","https://www.consumerreports.org/products/laptop/brondell-inspiron-13-5000-387112/specs"
"261",260,260,"laptop","Dell","Inspiron 13 7000 3rd Gen",870,"http://www.consumerreports.org/products/laptop/brondell-inspiron-13-7000-3rd-gen-387114/","https://www.consumerreports.org/products/laptop/brondell-inspiron-13-7000-3rd-gen-387114/specs"
"262",261,261,"laptop","Dell","Inspiron 15 5000 3rd-Gen",785,"http://www.consumerreports.org/products/laptop/brondell-inspiron-15-5000-3rd-gen-387113/","https://www.consumerreports.org/products/laptop/brondell-inspiron-15-5000-3rd-gen-387113/specs"
"263",262,262,"laptop","Dell","Inspiron 15 7000 3rd-Gen",750,"http://www.consumerreports.org/products/laptop/brondell-inspiron-15-7000-3rd-gen-387115/","https://www.consumerreports.org/products/laptop/brondell-inspiron-15-7000-3rd-gen-387115/specs"
"264",263,263,"laptop","Dell","Inspiron 17 7000 3rd-Gen",900,"http://www.consumerreports.org/products/laptop/brondell-inspiron-17-7000-3rd-gen-387116/","https://www.consumerreports.org/products/laptop/brondell-inspiron-17-7000-3rd-gen-387116/specs"
"265",264,0,"chromebook","Acer","Chromebook 14 CB3-431-C5FM",264.99,"http://www.consumerreports.org/products/chromebooks/acer-chromebook-14-cb3-431-c5fm-386278/","https://www.consumerreports.org/products/chromebooks/acer-chromebook-14-cb3-431-c5fm-386278/specs"
"266",265,1,"chromebook","Acer","Chromebook 15 C910-54M1",496.17,"http://www.consumerreports.org/products/chromebooks/acer-chromebook-15-c910-54m1-376372/","https://www.consumerreports.org/products/chromebooks/acer-chromebook-15-c910-54m1-376372/specs"
"267",266,2,"chromebook","Acer","ChromeBook C810-T7ZT",266.51,"http://www.consumerreports.org/products/chromebooks/acer-chromebook-c810-t7zt-383569/","https://www.consumerreports.org/products/chromebooks/acer-chromebook-c810-t7zt-383569/specs"
"268",267,3,"chromebook","Acer","ChromeBook CB5-312T-K8Z9",454.06,"http://www.consumerreports.org/products/chromebooks/acer-chromebook-cb5-312t-k8z9-388090/","https://www.consumerreports.org/products/chromebooks/acer-chromebook-cb5-312t-k8z9-388090/specs"
"269",268,4,"chromebook","Asus","Chromebook C201PA-DS01",221,"http://www.consumerreports.org/products/chromebooks/asus-chromebook-c201pa-ds01-379129/","https://www.consumerreports.org/products/chromebooks/asus-chromebook-c201pa-ds01-379129/specs"
"270",269,5,"chromebook","Asus","Chromebook C202SA-YS02",199,"http://www.consumerreports.org/products/chromebooks/asus-chromebook-c202sa-ys02-386337/","https://www.consumerreports.org/products/chromebooks/asus-chromebook-c202sa-ys02-386337/specs"
"271",270,6,"chromebook","Asus","Chromebook C300SA-DS02-LB",209,"http://www.consumerreports.org/products/chromebooks/asus-chromebook-c300sa-ds02-lb-387263/","https://www.consumerreports.org/products/chromebooks/asus-chromebook-c300sa-ds02-lb-387263/specs"
"272",271,7,"chromebook","HP","Chromebook 11-2210nr",189.95,"http://www.consumerreports.org/products/chromebooks/hp-chromebook-11-2210nr-385058/","https://www.consumerreports.org/products/chromebooks/hp-chromebook-11-2210nr-385058/specs"
"273",272,8,"chromebook","HP","ChromeBook 11-V011DX",244,"http://www.consumerreports.org/products/chromebooks/hp-chromebook-11-v011dx-388092/","https://www.consumerreports.org/products/chromebooks/hp-chromebook-11-v011dx-388092/specs"
"274",273,9,"chromebook","HP","Chromebook 13",478.88,"http://www.consumerreports.org/products/chromebooks/hp-chromebook-13-386279/","https://www.consumerreports.org/products/chromebooks/hp-chromebook-13-386279/specs"
"275",274,10,"chromebook","Acer","CB5-132T-C9KK",300,"http://www.consumerreports.org/products/chromebooks/acer-cb5-132t-c9kk-388956/","https://www.consumerreports.org/products/chromebooks/acer-cb5-132t-c9kk-388956/specs"
"276",275,11,"chromebook","Acer","Chromebook 11 CB3-131-C3VC",170,"http://www.consumerreports.org/products/chromebooks/acer-chromebook-11-cb3-131-c3vc-385657/","https://www.consumerreports.org/products/chromebooks/acer-chromebook-11-cb3-131-c3vc-385657/specs"
"277",276,12,"chromebook","Acer","Chromebook C740-C3P1",250,"http://www.consumerreports.org/products/chromebooks/acer-chromebook-c740-c3p1-376371/","https://www.consumerreports.org/products/chromebooks/acer-chromebook-c740-c3p1-376371/specs"
"278",277,13,"chromebook","Acer","Chromebook CB3-532-C47C",200,"http://www.consumerreports.org/products/chromebooks/acer-chromebook-cb3-532-c47c-387940/","https://www.consumerreports.org/products/chromebooks/acer-chromebook-cb3-532-c47c-387940/specs"
"279",278,14,"chromebook","Acer","Chromebook R11 CB5-132T-C32M",300,"http://www.consumerreports.org/products/chromebooks/acer-chromebook-r11-cb5-132t-c32m-385733/","https://www.consumerreports.org/products/chromebooks/acer-chromebook-r11-cb5-132t-c32m-385733/specs"
"280",279,15,"chromebook","Asus","Chromebook Flip C100PA-DB01",250,"http://www.consumerreports.org/products/chromebooks/asus-chromebook-flip-c100pa-db01-384309/","https://www.consumerreports.org/products/chromebooks/asus-chromebook-flip-c100pa-db01-384309/specs"
"281",280,16,"chromebook","Asus","ChromeBook Flip C100PA-RBRKT07",260,"http://www.consumerreports.org/products/chromebooks/asus-chromebook-flip-c100pa-rbrkt07-388091/","https://www.consumerreports.org/products/chromebooks/asus-chromebook-flip-c100pa-rbrkt07-388091/specs"
"282",281,17,"chromebook","Asus","Chromebook Flip C302CA-DHM4",500,"http://www.consumerreports.org/products/chromebooks/asus-chromebook-flip-c302ca-dhm4-388635/","https://www.consumerreports.org/products/chromebooks/asus-chromebook-flip-c302ca-dhm4-388635/specs"
"283",282,18,"chromebook","Dell","Chromebook 11",240,"http://www.consumerreports.org/products/chromebooks/dell-chromebook-11-371592/","https://www.consumerreports.org/products/chromebooks/dell-chromebook-11-371592/specs"
"284",283,19,"chromebook","Dell","Chromebook 13",430,"http://www.consumerreports.org/products/chromebooks/dell-chromebook-13-384985/","https://www.consumerreports.org/products/chromebooks/dell-chromebook-13-384985/specs"
"285",284,20,"chromebook","Dell","Chromebook CRM-11-IPST",340,"http://www.consumerreports.org/products/chromebooks/dell-chromebook-crm-11-ipst-387882/","https://www.consumerreports.org/products/chromebooks/dell-chromebook-crm-11-ipst-387882/specs"
"286",285,21,"chromebook","Google","Chromebook Pixel 2015",1100,"http://www.consumerreports.org/products/chromebooks/google-chromebook-pixel-2015-374109/","https://www.consumerreports.org/products/chromebooks/google-chromebook-pixel-2015-374109/specs"
"287",286,22,"chromebook","HP","Chromebook 11-V012NR",200,"http://www.consumerreports.org/products/chromebooks/hp-chromebook-11-v012nr-388947/","https://www.consumerreports.org/products/chromebooks/hp-chromebook-11-v012nr-388947/specs"
"288",287,23,"chromebook","HP","Chromebook 14-AK031NR",250,"http://www.consumerreports.org/products/chromebooks/hp-chromebook-14-ak031nr-388946/","https://www.consumerreports.org/products/chromebooks/hp-chromebook-14-ak031nr-388946/specs"
"289",288,24,"chromebook","Lenovo","100S Chromebook",180,"http://www.consumerreports.org/products/chromebooks/lenovo-100s-chromebook-384986/","https://www.consumerreports.org/products/chromebooks/lenovo-100s-chromebook-384986/specs"
"290",289,25,"chromebook","Lenovo","N22 80SF0000US",170,"http://www.consumerreports.org/products/chromebooks/lenovo-n22-80sf0000us-386441/","https://www.consumerreports.org/products/chromebooks/lenovo-n22-80sf0000us-386441/specs"
"291",290,26,"chromebook","Samsung","Chromebook 3",200,"http://www.consumerreports.org/products/chromebooks/samsung-chromebook-3-389575/","https://www.consumerreports.org/products/chromebooks/samsung-chromebook-3-389575/specs"
"292",291,27,"chromebook","Samsung","Chromebook 3 XE500C",180,"http://www.consumerreports.org/products/chromebooks/samsung-chromebook-3-xe500c-386118/","https://www.consumerreports.org/products/chromebooks/samsung-chromebook-3-xe500c-386118/specs"
"293",292,28,"chromebook","Samsung","Chromebook Plus",450,"http://www.consumerreports.org/products/chromebooks/samsung-chromebook-plus-388636/","https://www.consumerreports.org/products/chromebooks/samsung-chromebook-plus-388636/specs"
"294",293,29,"chromebook","Toshiba","Chromebook 2 CB35-C3350",350,"http://www.consumerreports.org/products/chromebooks/toshiba-chromebook-2-cb35-c3350-384987/","https://www.consumerreports.org/products/chromebooks/toshiba-chromebook-2-cb35-c3350-384987/specs"
"295",294,0,"desktop-computer","Apple","21.5-inch iMac MK442LL/A",1200,"http://www.consumerreports.org/products/desktop-computer/apple-21-5-inch-imac-mk442ll-a-384904/","https://www.consumerreports.org/products/desktop-computer/apple-21-5-inch-imac-mk442ll-a-384904/specs"
"296",295,1,"desktop-computer","Apple","27-inch iMac MNE92LL/A",1699,"http://www.consumerreports.org/products/desktop-computer/apple-imac-27-inch-mne92ll-a-392569/","https://www.consumerreports.org/products/desktop-computer/apple-imac-27-inch-mne92ll-a-392569/specs"
"297",296,2,"desktop-computer","Apple","27-inch iMac with Retina 5K display MK472LL/A",1799,"http://www.consumerreports.org/products/desktop-computer/apple-27-inch-imac-with-retina-5k-display-mk472ll-a-384905/","https://www.consumerreports.org/products/desktop-computer/apple-27-inch-imac-with-retina-5k-display-mk472ll-a-384905/specs"
"298",297,3,"desktop-computer","Apple","iMac with Retina 4K display MK452LL/A",1400,"http://www.consumerreports.org/products/desktop-computer/apple-imac-with-retina-4k-display-mk452ll-a-384903/","https://www.consumerreports.org/products/desktop-computer/apple-imac-with-retina-4k-display-mk452ll-a-384903/specs"
"299",298,4,"desktop-computer","Asus","VivoPC M32CD-B12",749.97,"http://www.consumerreports.org/products/desktop-computer/asus-vivopc-m32cd-b12-389331/","https://www.consumerreports.org/products/desktop-computer/asus-vivopc-m32cd-b12-389331/specs"
"300",299,5,"desktop-computer","Dell","Inspiron 5488-7536SLV",1165.4,"http://www.consumerreports.org/products/desktop-computer/dell-inspiron-5488-7536slv-389333/","https://www.consumerreports.org/products/desktop-computer/dell-inspiron-5488-7536slv-389333/specs"
"301",300,6,"desktop-computer","Dell","Inspiron I3455-10041WHT",650,"http://www.consumerreports.org/products/desktop-computer/dell-inspiron-i3455-10041wht-384300/","https://www.consumerreports.org/products/desktop-computer/dell-inspiron-i3455-10041wht-384300/specs"
"302",301,7,"desktop-computer","HP","20-C020",350,"http://www.consumerreports.org/products/desktop-computer/hp-20-c020-387269/","https://www.consumerreports.org/products/desktop-computer/hp-20-c020-387269/specs"
"303",302,8,"desktop-computer","HP","ENVY 34-a010",1499,"http://www.consumerreports.org/products/desktop-computer/hp-envy-34-a010-385057/","https://www.consumerreports.org/products/desktop-computer/hp-envy-34-a010-385057/specs"
"304",303,9,"desktop-computer","HP","Pavilion 27-a230",950,"http://www.consumerreports.org/products/desktop-computer/hp-pavilion-27-a230-388774/","https://www.consumerreports.org/products/desktop-computer/hp-pavilion-27-a230-388774/specs"
"305",305,11,"desktop-computer","Lenovo","510S-08ISH",379.99,"http://www.consumerreports.org/products/desktop-computer/lenovo-510s-08ish-388101/","https://www.consumerreports.org/products/desktop-computer/lenovo-510s-08ish-388101/specs"
"306",306,12,"desktop-computer","Lenovo","Erazer X315",639,"http://www.consumerreports.org/products/desktop-computer/lenovo-erazer-x315-293258/","https://www.consumerreports.org/products/desktop-computer/lenovo-erazer-x315-293258/specs"
"307",307,13,"desktop-computer","Lenovo","Ideacentre 610S",930,"http://www.consumerreports.org/products/desktop-computer/lenovo-ideacentre-610s-387424/","https://www.consumerreports.org/products/desktop-computer/lenovo-ideacentre-610s-387424/specs"
"308",308,14,"desktop-computer","Lenovo","Ideacentre AIO 300-20""",450,"http://www.consumerreports.org/products/desktop-computer/lenovo-ideacentre-aio-300-20-386661/","https://www.consumerreports.org/products/desktop-computer/lenovo-ideacentre-aio-300-20-386661/specs"
"309",309,15,"desktop-computer","Microsoft","Surface Studio",2899.99,"http://www.consumerreports.org/products/desktop-computer/microsoft-surface-studio-388050/","https://www.consumerreports.org/products/desktop-computer/microsoft-surface-studio-388050/specs"
"310",310,16,"desktop-computer","Apple","21.5-inch iMac MMQA2LL/A",1100,"http://www.consumerreports.org/products/desktop-computer/apple-imac-21-5-inch-392567/","https://www.consumerreports.org/products/desktop-computer/apple-imac-21-5-inch-392567/specs"
"311",311,17,"desktop-computer","Apple","21.5-inch iMac with 4K Display MNDY2LL/A",1300,"http://www.consumerreports.org/products/desktop-computer/apple-imac-21-5-inch-4k-392568/","https://www.consumerreports.org/products/desktop-computer/apple-imac-21-5-inch-4k-392568/specs"
"312",312,18,"desktop-computer","Apple","iMac w/Retina 5K display MF886LL/A",1950,"http://www.consumerreports.org/products/desktop-computer/apple-imac-w-retina-5k-display-mf886ll-a-295009/","https://www.consumerreports.org/products/desktop-computer/apple-imac-w-retina-5k-display-mf886ll-a-295009/specs"
"313",313,19,"desktop-computer","Apple","Mac Mini MGEM2LL/A",400,"http://www.consumerreports.org/products/desktop-computer/apple-mac-mini-mgem2ll-a-295010/","https://www.consumerreports.org/products/desktop-computer/apple-mac-mini-mgem2ll-a-295010/specs"
"314",314,20,"desktop-computer","Asus","Zen Pro 240IEGT-16",1480,"http://www.consumerreports.org/products/desktop-computer/asus-zen-pro-240iegt-16-389571/","https://www.consumerreports.org/products/desktop-computer/asus-zen-pro-240iegt-16-389571/specs"
"315",315,21,"desktop-computer","Asus","Zen Z240IC-GT-09S",1150,"http://www.consumerreports.org/products/desktop-computer/asus-zen-z240ic-gt-09-s-386119/","https://www.consumerreports.org/products/desktop-computer/asus-zen-z240ic-gt-09-s-386119/specs"
"316",316,22,"desktop-computer","Dell","Inspiron 20 3000 Intel",500,"http://www.consumerreports.org/products/desktop-computer/dell-inspiron-20-3000-intel-385660/","https://www.consumerreports.org/products/desktop-computer/dell-inspiron-20-3000-intel-385660/specs"
"317",317,23,"desktop-computer","Dell","Inspiron 22 3000 Touch",580,"http://www.consumerreports.org/products/desktop-computer/dell-inspiron-22-3000-touch-387425/","https://www.consumerreports.org/products/desktop-computer/dell-inspiron-22-3000-touch-387425/specs"
"318",318,24,"desktop-computer","Dell","Inspiron 24 3000 (Intel)",750,"http://www.consumerreports.org/products/desktop-computer/dell-inspiron-24-3000-intel-385761/","https://www.consumerreports.org/products/desktop-computer/dell-inspiron-24-3000-intel-385761/specs"
"319",319,25,"desktop-computer","Dell","Inspiron 24 3000 Touch",265,"http://www.consumerreports.org/products/desktop-computer/dell-inspiron-24-3000-touch-387426/","https://www.consumerreports.org/products/desktop-computer/dell-inspiron-24-3000-touch-387426/specs"
"320",320,26,"desktop-computer","Dell","Inspiron 24 5000",900,"http://www.consumerreports.org/products/desktop-computer/dell-inspiron-24-5000-385661/","https://www.consumerreports.org/products/desktop-computer/dell-inspiron-24-5000-385661/specs"
"321",321,27,"desktop-computer","Dell","Inspiron 24 7000",1000,"http://www.consumerreports.org/products/desktop-computer/dell-inspiron-24-7000-385662/","https://www.consumerreports.org/products/desktop-computer/dell-inspiron-24-7000-385662/specs"
"322",322,28,"desktop-computer","Dell","Inspiron 3464-5007BLK",800,"http://www.consumerreports.org/products/desktop-computer/dell-inspiron-3464-5007blk-389335/","https://www.consumerreports.org/products/desktop-computer/dell-inspiron-3464-5007blk-389335/specs"
"323",323,29,"desktop-computer","Dell","Inspiron 3668-7819BLK",800,"http://www.consumerreports.org/products/desktop-computer/dell-inspiron-3668-7819blk-388970/","https://www.consumerreports.org/products/desktop-computer/dell-inspiron-3668-7819blk-388970/specs"
"324",324,30,"desktop-computer","Dell","Inspiron Desktop 3650",550,"http://www.consumerreports.org/products/desktop-computer/dell-inspiron-desktop-3650-387270/","https://www.consumerreports.org/products/desktop-computer/dell-inspiron-desktop-3650-387270/specs"
"325",325,31,"desktop-computer","Dell","Inspiron I3647-3538BK",450,"http://www.consumerreports.org/products/desktop-computer/dell-inspiron-i3647-3538bk-383563/","https://www.consumerreports.org/products/desktop-computer/dell-inspiron-i3647-3538bk-383563/specs"
"326",326,32,"desktop-computer","Dell","XPS 27""",1550,"http://www.consumerreports.org/products/desktop-computer/dell-xps-27-385664/","https://www.consumerreports.org/products/desktop-computer/dell-xps-27-385664/specs"
"327",327,33,"desktop-computer","Dell","XPS 8910-4020SLV",1000,"http://www.consumerreports.org/products/desktop-computer/dell-xps-8910-4020slv-388099/","https://www.consumerreports.org/products/desktop-computer/dell-xps-8910-4020slv-388099/specs"
"328",328,34,"desktop-computer","Dell","XPS 8920-7529SLV",1000,"http://www.consumerreports.org/products/desktop-computer/dell-xps-8920-7529slv-389332/","https://www.consumerreports.org/products/desktop-computer/dell-xps-8920-7529slv-389332/specs"
"329",329,35,"desktop-computer","Dell","XPS Tower",700,"http://www.consumerreports.org/products/desktop-computer/dell-xps-tower-387884/","https://www.consumerreports.org/products/desktop-computer/dell-xps-tower-387884/specs"
"330",330,36,"desktop-computer","HP","24-g227c",650,"http://www.consumerreports.org/products/desktop-computer/hp-24-g227c-388965/","https://www.consumerreports.org/products/desktop-computer/hp-24-g227c-388965/specs"
"331",331,37,"desktop-computer","HP","All-in-One 22-3110",440,"http://www.consumerreports.org/products/desktop-computer/hp-all-in-one-22-3110-384301/","https://www.consumerreports.org/products/desktop-computer/hp-all-in-one-22-3110-384301/specs"
"332",332,38,"desktop-computer","HP","ENVY 27-b014",1650,"http://www.consumerreports.org/products/desktop-computer/hp-envy-27-b014-388100/","https://www.consumerreports.org/products/desktop-computer/hp-envy-27-b014-388100/specs"
"333",333,39,"desktop-computer","HP","Envy 27-b110",2000,"http://www.consumerreports.org/products/desktop-computer/hp-envy-27-b110-388776/","https://www.consumerreports.org/products/desktop-computer/hp-envy-27-b110-388776/specs"
"334",334,40,"desktop-computer","HP","ENVY 27-p020qe",1580,"http://www.consumerreports.org/products/desktop-computer/hp-envy-recline-27-386663/","https://www.consumerreports.org/products/desktop-computer/hp-envy-recline-27-386663/specs"
"335",335,41,"desktop-computer","HP","ENVY 750-114",680,"http://www.consumerreports.org/products/desktop-computer/hp-envy-750-114-384814/","https://www.consumerreports.org/products/desktop-computer/hp-envy-750-114-384814/specs"
"336",336,42,"desktop-computer","HP","Envy 750-467c",700,"http://www.consumerreports.org/products/desktop-computer/hp-envy-750-467c-389574/","https://www.consumerreports.org/products/desktop-computer/hp-envy-750-467c-389574/specs"
"337",337,43,"desktop-computer","HP","Envy 750-514",700,"http://www.consumerreports.org/products/desktop-computer/hp-envy-750-514-389328/","https://www.consumerreports.org/products/desktop-computer/hp-envy-750-514-389328/specs"
"338",338,44,"desktop-computer","HP","Pavilion 24-b040qe",850,"http://www.consumerreports.org/products/desktop-computer/hp-pavilion-24qe-387104/","https://www.consumerreports.org/products/desktop-computer/hp-pavilion-24qe-387104/specs"
"339",339,45,"desktop-computer","HP","Pavilion 24-b217c",800,"http://www.consumerreports.org/products/desktop-computer/hp-pavilion-24-b217c-388966/","https://www.consumerreports.org/products/desktop-computer/hp-pavilion-24-b217c-388966/specs"
"340",340,46,"desktop-computer","HP","Pavilion 24-b230",750,"http://www.consumerreports.org/products/desktop-computer/hp-pavilion-24-b230-388775/","https://www.consumerreports.org/products/desktop-computer/hp-pavilion-24-b230-388775/specs"
"341",341,47,"desktop-computer","HP","Pavilion 27-n220",850,"http://www.consumerreports.org/products/desktop-computer/hp-pavilion-27-n220-386120/","https://www.consumerreports.org/products/desktop-computer/hp-pavilion-27-n220-386120/specs"
"342",342,48,"desktop-computer","HP","Pavilion 510xt",550,"http://www.consumerreports.org/products/desktop-computer/hp-pavilion-510xt-387103/","https://www.consumerreports.org/products/desktop-computer/hp-pavilion-510xt-387103/specs"
"343",343,49,"desktop-computer","HP","Pavilion 550-310",500,"http://www.consumerreports.org/products/desktop-computer/hp-pavilion-550-310-387267/","https://www.consumerreports.org/products/desktop-computer/hp-pavilion-550-310-387267/specs"
"344",344,50,"desktop-computer","HP","Pavilion 570-P014",430,"http://www.consumerreports.org/products/desktop-computer/hp-pavilion-570-p014-389329/","https://www.consumerreports.org/products/desktop-computer/hp-pavilion-570-p014-389329/specs"
"345",345,51,"desktop-computer","HP","Pavilion 570-p017c",550,"http://www.consumerreports.org/products/desktop-computer/hp-pavilion-570-p017c-388967/","https://www.consumerreports.org/products/desktop-computer/hp-pavilion-570-p017c-388967/specs"
"346",346,52,"desktop-computer","HP","Pavilion 570-p027c",650,"http://www.consumerreports.org/products/desktop-computer/hp-pavilion-570-p027c-388971/","https://www.consumerreports.org/products/desktop-computer/hp-pavilion-570-p027c-388971/specs"
"347",347,53,"desktop-computer","HP","Pavilion Wave Desktop - 600-a020xt",680,"http://www.consumerreports.org/products/desktop-computer/hp-pavilion-wave-desktop-600-a020xt-387883/","https://www.consumerreports.org/products/desktop-computer/hp-pavilion-wave-desktop-600-a020xt-387883/specs"
"348",348,54,"desktop-computer","HP","Slimline 270-a016",380,"http://www.consumerreports.org/products/desktop-computer/hp-slimline-270-a016-389330/","https://www.consumerreports.org/products/desktop-computer/hp-slimline-270-a016-389330/specs"
"349",350,56,"desktop-computer","Lenovo","510-22ISH",500,"http://www.consumerreports.org/products/desktop-computer/lenovo-ideacentre-700-22ish-f0bf-389572/","https://www.consumerreports.org/products/desktop-computer/lenovo-ideacentre-700-22ish-f0bf-389572/specs"
"350",351,57,"desktop-computer","Lenovo","520S-23IKU F0CU",950,"http://www.consumerreports.org/products/desktop-computer/lenovo-520s-23iku-f0cu-389573/","https://www.consumerreports.org/products/desktop-computer/lenovo-520s-23iku-f0cu-389573/specs"
"351",352,58,"desktop-computer","Lenovo","AIO 300 22"" F0BX00AHUS",480,"http://www.consumerreports.org/products/desktop-computer/lenovo-aio-300-22-386662/","https://www.consumerreports.org/products/desktop-computer/lenovo-aio-300-22-386662/specs"
"352",353,59,"desktop-computer","Lenovo","Ideacentre AIO 300-23"" F0BY0041US",580,"http://www.consumerreports.org/products/desktop-computer/lenovo-ideacentre-aio-300-23-386659/","https://www.consumerreports.org/products/desktop-computer/lenovo-ideacentre-aio-300-23-386659/specs"
"353",354,60,"desktop-computer","Lenovo","Ideacentre AIO 700 24"" F0BE006SUS",900,"http://www.consumerreports.org/products/desktop-computer/lenovo-ideacenter-aio-700-24-386657/","https://www.consumerreports.org/products/desktop-computer/lenovo-ideacenter-aio-700-24-386657/specs"
"354",355,61,"desktop-computer","Lenovo","Ideacentre AIO 700-27 F0BD002KUS",1400,"http://www.consumerreports.org/products/desktop-computer/lenovo-ideacentre-aio-700-27-386660/","https://www.consumerreports.org/products/desktop-computer/lenovo-ideacentre-aio-700-27-386660/specs"
"355",356,62,"desktop-computer","Lenovo","Yoga Home 900",900,"http://www.consumerreports.org/products/desktop-computer/lenovo-yoga-home-900-386658/","https://www.consumerreports.org/products/desktop-computer/lenovo-yoga-home-900-386658/specs"
"356",357,63,"desktop-computer","Samsung","All-In-One DP710A4M-L01US",1000,"http://www.consumerreports.org/products/desktop-computer/samsung-all-in-one-dp710a4m-l01us-389570/","https://www.consumerreports.org/products/desktop-computer/samsung-all-in-one-dp710a4m-l01us-389570/specs"
